NCvC,miR-941,M002,M003,M004,M005,M006,M007,miR-25-3p,M009,M010,M011,miR-221-3p,M013,M014,M015,M016,M017,M018,M019,M020,M021,M022,miR-26b-3p,M024,M025,M026,M027,M028,M029,M030,M031,M032,M033,miR-340-5p,M035,M036,M037,M038,M039,M040,M041,M042,M043,M044,M045,M046,M047,M048,M049,M050,M051,M052,M053,M054,M055,M056,M057,M058,M059,M060,miR-378a-3p,M062,M063,M064,M065,M066,M067,M068,M069,M070,M071,M072,M073,M074,M075,M076,M077,M078,M079,M080,M081,M082,M083,M084,M085,M086,M087,M088,M089,M090,M091,M092,M093,M094,M095,M096,M097,M098,M099,M100,M101,M102,M103,M104,M105,M106,M107,M108,M109,M110,M111,M112,M113,M114,M115,M116,M117,M118,M119,M120,M121,M122,M123,M124,M125,M126,M127,M128,M129,M130,M131,M132,M133,M134,M135
0,-0.61,0.06,3.67,1.1,-1.16,-0.98,0.44,1.12,-1.07,-1.79,0.53,-0.64,2.43,-1.04,-0.73,-0.82,1.6,0.32,-0.43,1.89,1.89,1.52,-0.88,4.09,1.96,1.74,0.8,0.35,-0.21,-0.29,1.01,-0.39,1.56,0.14,-0.6,-0.61,-1.28,-0.43,-0.18,2.23,-1.11,2.05,19.45,0.73,-1.22,3.56,-0.52,0.71,-1.04,5.68,-0.93,2.15,-1.52,-0.56,-0.27,-0.7,0.93,-1.11,-0.92,-0.66,-1.44,0.64,4.11,-0.61,-0.61,5.07,-0.53,4.26,-1.08,6.13,-0.59,-0.75,-0.39,7.47,1.67,-0.88,8.06,-0.8,7.55,4.34,-1.19,-0.1,0.27,2.55,-1.23,-1.39,-1.13,-0.52,-1.88,-0.97,1,-1.05,4.25,0.85,-1.35,2.58,0.9,0.45,4.67,-0.73,-1.28,2.49,-0.66,-0.76,-1.78,5.46,-1.54,-0.52,6.29,7.7,5.14,-1.59,3.75,-0.5,2.29,-0.32,-1.36,-0.8,0.67,-0.05,-1,-0.59,-1.17,2.44,-1,-0.69,9.91,0.53,-1.86,0.29,,,,,
0,2.06,-0.14,1.03,5.47,1.59,1.01,1.5,1.07,-0.73,-1.47,-0.31,-0.67,-0.36,0.35,0.01,-0.1,0.14,1.55,-0.45,1.02,1.02,-0.11,1.54,-0.21,0.99,0.7,1.52,0.59,-0.53,-0.05,0.88,-0.81,0.3,0,-0.45,0.5,-0.73,-0.11,1.2,-0.6,1.4,1.23,0.31,-0.66,-1.1,-0.24,0.1,-0.27,-0.04,-0.22,-0.84,-0.08,-0.16,-0.57,0.1,-0.58,0.38,-1.9,0.05,0.08,-0.55,4.72,0.22,-0.37,1.06,0.23,-1.63,0.41,-0.07,0.34,-0.22,6.39,-1.01,1.54,2.81,-0.8,1.27,-0.3,-0.25,-0.23,-0.35,-0.3,0.1,1.41,-0.75,-0.78,0.08,-0.44,-0.87,-1.69,0.89,-0.93,0.11,-0.31,-0.71,0.06,0.95,0.29,-0.15,-0.02,1.91,0.21,0.33,0.07,-0.81,-0.23,-0.17,3.16,-0.05,-0.16,-0.37,-1.15,1.44,-0.38,1.37,-0.66,-1.48,-1.13,2.56,-0.13,-0.4,-0.11,-0.95,-0.36,-0.7,0.1,-0.3,1.6,-0.77,1.54,,,,,
0,0.23,0.2,-0.09,2.51,-0.32,-0.19,0.91,1.73,-1.05,-1.71,-1.03,-1.18,-0.79,0.96,-0.81,-0.31,-1.15,-0.07,-1.21,-0.86,-0.86,1.28,-1.02,-0.58,-0.08,-0.3,-1.07,1.88,0.28,-0.01,-0.33,-1.31,-0.31,-0.37,-0.69,-0.32,-0.94,-0.07,-0.52,-0.63,-0.92,-0.2,-0.05,-0.73,-1.14,-0.43,0.13,-0.72,-1.27,-0.89,-0.68,-0.41,-0.9,-0.34,-0.39,-0.79,-0.84,-2.45,0.36,-1.27,-0.5,0.93,0.63,-1.21,0.22,0.16,-1.96,-0.49,-0.17,-0.58,-1.33,3.15,-1.33,0.41,1.13,-1.13,0.76,-0.32,-0.33,-0.36,-0.9,-0.3,0.12,0.42,-1.36,-1.14,-0.63,-0.72,-0.3,-1.3,-0.17,0.04,0.59,-0.67,0.63,-0.07,-0.88,-0.07,-0.65,0.4,0.47,-0.27,-0.83,-0.53,-0.29,-0.61,-0.88,0.02,-0.23,-0.25,-0.14,-1.5,-0.5,-0.08,-0.14,-1.47,-1.36,-1.22,1.77,1.3,-0.48,-0.55,-0.05,-0.5,-0.66,0.29,-0.27,-0.4,-0.45,1.58,,,,,
0,1.88,-0.06,-0.74,-0.58,7.26,0.86,-0.69,1.03,-0.81,-1.76,-0.97,-1.04,-0.67,0.86,0.08,0.66,-1.33,-1.09,-1.37,-0.98,-0.98,0.47,-1.49,-0.9,-0.66,-0.8,-1.37,-0.44,1.77,0.83,-0.97,-1.85,-0.17,-0.46,-0.75,-0.2,-0.76,1.65,-1.39,-1.01,-1.38,-1.12,-0.5,-1.05,-1.1,-0.59,-0.65,-0.69,-1.36,-0.17,-1.24,-0.94,-0.21,0.53,-0.88,-0.3,-1.13,-1.11,4.7,-1.69,-0.84,-0.75,-0.21,-0.78,-1.37,-0.39,-1.42,-0.7,-1.06,-0.77,-1.54,0.86,-0.29,-0.51,-0.57,-1.15,-0.56,-0.88,-0.34,-0.39,-0.93,-1.09,0.76,-0.3,-1.51,-1.3,0.23,-0.65,2.91,1.11,-0.97,2.34,0.91,-0.8,-0.99,0.18,-1.42,-0.21,-0.82,0.8,-0.5,-0.34,-1.55,-1.44,1.85,-0.48,-0.16,-0.98,-0.33,-0.24,-0.53,-1.58,-0.86,-0.46,-1,-0.7,0.52,-1.35,0.19,2.34,2.88,-0.96,7.78,-0.61,-0.39,2.23,-0.21,-1.23,0.81,1.04,,,,,
0,2.43,1.21,1.39,3.78,3.08,0.85,2.19,3.37,-1.08,-1.76,-0.42,-0.42,-0.27,-1.14,0.39,-0.23,-0.25,0.77,-1.15,0.75,0.75,4.08,0.1,-0.12,0.02,0.77,-1.37,0.1,0.04,-0.63,0.89,-1.36,1.23,-0.23,-0.68,0.27,-0.98,0.59,-1.4,-0.01,0.51,1.36,2.09,-0.63,-1.26,-0.25,0.65,0.49,-1.3,2.08,-0.22,-0.57,-0.56,-0.24,-0.17,-0.53,-0.49,-2.1,0.71,-1.14,-0.24,2.64,5.41,0.02,-1.44,2.14,-1.43,0.03,-0.69,0.1,0.11,7.78,-0.71,3.02,6.4,-1.23,2.25,-0.97,-0.35,-0.39,-0.14,0.01,0.97,5.02,-1.63,-1.18,-0.55,-0.45,-0.94,-1.17,0.21,-0.57,3.39,-0.05,3.75,0.63,-0.2,1.08,-0.27,1.55,1.46,0.11,0.49,0.31,0.14,1.46,-0.9,0.49,-0.07,-0.2,0.53,-1.12,-0.53,-0.05,1.28,-0.95,-1.57,-1.29,6.51,1.93,-0.38,-0.52,-0.09,-0.34,-0.92,2.03,-0.32,-0.68,-0.19,6.29,,,,,
0,0.96,1.17,1.59,-0.43,-0.27,-1.74,-0.47,0.17,1.72,-1.26,4.83,1.37,4.17,-2.35,-0.66,10.28,1.21,0.08,-0.43,4.41,4.41,-0.61,1.95,3.49,-0.52,3.42,-1.34,-1.48,-1.04,-0.76,-0.37,0.51,4.25,-0.42,0.36,1.81,0.55,2.03,-1.82,1.24,-1.78,0.79,0.71,-0.02,0.42,-0.07,0.24,4.56,-0.41,-1.44,-0.78,-0.83,-0.59,4.82,4.7,2.24,1.9,-0.74,1.01,-1.64,-0.17,-0.9,2.62,3.63,-1.73,-0.03,0.82,0.25,-0.93,1.59,0.17,-1.27,2.11,0.99,0.09,-1.14,1.82,0.19,-0.11,-0.39,2.83,1.63,-0.85,0.29,-1.59,-0.42,1.34,-0.56,-0.38,-0.06,4.39,-0.02,3.13,0.13,-1.49,2.62,3.89,0.73,1.79,0.91,-1.02,-0.1,1.79,-0.67,0.63,1.67,-1.42,3.52,-0.33,-0.11,0.31,-1.61,-0.46,0.58,0.34,-0.26,-0.75,-0.51,1.13,-0.33,3.19,-0.69,-1.13,1.18,-1.09,1.16,-0.14,3.83,-1.3,1.58,,,,,
0,0.23,-0.75,-0.73,0.68,-0.77,-0.2,-0.25,-0.15,-0.49,1.07,0.16,0.55,-0.84,1.2,-0.02,-0.91,-1.15,-0.59,-1.09,-0.46,-0.46,-0.58,0.32,-0.74,0.89,-0.46,1.2,-0.17,0.09,-0.61,-0.71,3.03,-1.48,-0.34,0.89,-0.52,1.63,-0.51,0.62,-0.8,1.29,-0.82,-0.59,-0.82,0.45,-0.31,-0.85,-1.49,-1.09,-0.52,0.36,-0.67,0.18,0.13,-0.22,0.15,-0.32,-0.37,-0.61,1.81,0.23,0.24,-0.69,-0.99,-0.75,-0.37,-0.47,-0.33,-0.74,-0.63,-1.22,0.17,-0.67,-0.78,-0.67,1.15,-0.71,2.55,-0.33,-0.24,1.84,0.33,-0.58,-0.38,1.04,-0.91,3.08,-0.09,0.67,0.14,0.45,0.02,-0.72,-0.38,-1.23,-0.55,-0.71,-0.57,-0.29,-0.55,-1.1,-0.1,0.32,0.43,0.02,-0.58,0.37,1.36,-0.3,-0.23,-0.47,-0.8,-0.46,1,-0.63,-0.59,-0.26,0.89,-0.75,-0.35,0.82,-1.11,-0.09,-0.56,1.03,-0.13,-0.25,-0.48,0.66,-0.84,,,,,
0,0.33,0.28,-0.67,-0.35,-0.37,-0.94,-0.22,0.94,0.51,0.4,1.49,0.88,-0.4,0.88,-0.34,-0.87,-1.28,0.28,-1.18,-0.52,-0.52,0.02,0.71,-0.43,0.19,-0.65,-0.49,-0.19,0.76,-0.42,-0.96,0.77,-1.31,0.06,0.33,0.05,0.28,-0.45,-0.26,-0.4,0.4,-0.89,-0.38,-0.66,-0.2,-0.11,-0.11,-1.3,-0.93,-0.26,1.97,-0.71,0.25,1.63,1.2,0.16,-0.3,-0.43,-0.12,-0.54,0.2,-0.44,-0.3,-1.25,-0.96,-0.12,-0.8,-0.35,-0.75,-0.69,-1.11,-0.58,-0.96,-0.7,-0.67,-0.63,1.25,8.36,-0.3,-0.27,4.22,3.37,-0.29,-0.26,0.77,-0.62,1.82,-0.55,1.05,1.18,0.49,0.12,-0.44,1.87,-0.97,-0.28,-1.02,-0.5,0.13,-0.2,-0.75,0.04,1.1,0.95,3.9,-0.53,-0.13,-0.44,-0.26,-0.17,0.14,-0.59,-0.37,2,-0.36,-0.64,-0.32,2.96,-0.69,-0.2,0.58,-1.04,-0.58,-0.49,0.94,0.09,-0.13,-0.41,1.08,-0.26,,,,,
0,-0.07,-0.77,-0.59,0.15,-1.47,0.23,-0.2,-0.23,0.03,0.31,-0.51,0.82,-0.52,0.16,-1.09,-0.64,1.05,-0.07,4.13,-0.77,-0.77,-0.99,-0.27,-0.85,-0.18,-0.32,-0.04,0.09,-0.65,-0.56,-0.31,0.44,-0.9,-0.34,-0.06,-0.48,0.33,-0.44,1.1,-0.87,2.02,-0.56,-0.5,-0.53,-0.06,-0.48,0.23,-0.84,1.26,-0.37,0.06,-0.72,0.25,-0.44,-0.23,0.15,-0.26,-0.78,-0.42,1.27,1.05,0.05,-0.75,-0.45,-0.58,-0.66,-0.13,-0.21,1.14,-0.64,-0.28,0.44,-0.39,-0.73,-0.36,0.59,-0.9,0.31,-0.31,-0.05,0.21,-0.04,-0.44,-0.47,0.75,2.79,0.77,0.14,-0.18,-1.14,0.23,-0.35,-1.07,-0.45,0.85,-0.91,-0.19,-0.35,-0.65,-0.61,0.43,-0.27,0.41,0.53,-1.21,-0.71,1.91,1.67,-0.29,-0.08,-0.52,0.68,-0.15,0.67,-0.1,4.97,-0.49,0.97,-0.39,-0.39,-0.07,0.13,-1.24,-0.6,-0.52,-0.02,-0.2,0.51,-0.82,-0.68,,,,,
0,-0.95,-1.84,-0.9,-1.32,-1.35,-1.72,-1.1,-1.41,-1.06,-1.01,-1.51,-1.51,-1.15,2.69,-0.78,-0.76,-1.74,-1.26,-1.28,-1.22,-1.22,-1,-1.64,-0.96,-0.66,-0.96,-1.18,-1.29,-1.72,-0.61,-1.36,-1.63,-1.7,-0.5,-0.66,-0.9,-0.01,-0.48,-1.47,-1.24,-1.26,-1.39,-0.65,-1.07,0.37,-0.61,-1.22,-1.7,-0.25,-1.11,-1.54,-1.04,0.03,-0.4,-0.95,-0.73,-1.08,-2.02,0.7,-1.26,-1.85,-1.35,-0.87,-0.79,-1.24,-0.93,-0.21,-0.8,-1.83,-0.94,-1.58,-1.95,-1.16,-0.86,-0.75,0.71,-1.26,-1.19,-0.31,-0.34,-1.15,-1.41,-0.94,-1.23,-0.54,-1.13,-1.16,3.28,0.89,2.07,-1.1,4.26,-1.22,-0.81,-1.48,-1.42,-1.64,-0.67,-1.04,-0.85,-1.2,-0.38,-1.76,-1.57,-1.77,-1,-1.43,-1.78,-0.36,-0.25,-0.6,-1.28,-0.82,-0.94,-1.4,-0.38,0.52,-1.16,-0.88,-0.4,-1.19,-1.09,4.89,-0.77,0.51,-1.01,-0.18,-1.29,-0.27,-1.17,,,,,
0,-0.74,0.4,0.17,1.26,0.17,-0.38,0.74,2.16,2.57,0.48,-0.8,1.56,-1.35,0.15,0.85,-0.83,0.71,0.5,1.78,-0.34,-0.34,0,-0.36,-0.44,0.97,-0.05,0.41,0.9,0.49,-0.67,-0.49,0.01,-1.12,1.61,-0.76,-0.08,0.55,-0.43,1.04,-0.51,-0.22,0.16,-0.22,-0.15,-1.13,-0.12,-0.47,-1.1,-0.68,0.33,1.42,-0.37,-0.64,-0.4,0.7,0.7,0.02,-0.75,-1.04,-0.9,1.05,1.63,0.17,-1.01,-0.67,-0.16,-1.57,-0.35,0.87,-0.47,0.1,1.25,-1.01,0.44,0.3,-0.86,1.43,1.23,-0.35,-0.15,-0.78,0.73,3.02,-0.75,-0.48,0.68,-0.43,-0.7,-1.33,-1.12,-0.44,-0.77,-0.54,2.9,-0.3,-0.27,0.45,-0.26,-0.29,-0.66,0.07,0.28,0.87,1.14,-0.06,-0.3,-0.17,-0.25,0.13,-0.13,0,0.01,-0.36,0.54,0.17,-0.49,-1.15,0.76,0.07,-0.39,-1.73,-0.85,-1.26,-0.06,-0.84,-0.92,-0.15,-0.5,0.1,0.75,,,,,
0,-0.68,0.9,1.16,0.81,-0.77,-0.27,1.94,3.03,2.06,0.26,1.79,4.18,-0.1,-1.17,-0.17,-0.78,0.68,2.67,1.65,0.64,0.64,0.77,1.08,0.39,1.38,1.3,-0.19,2.8,2.86,-0.27,1.2,1.78,-0.54,3.62,-0.59,0.21,-0.02,-0.28,-0.11,0.38,0.02,1.75,2.4,0.52,-1.07,2.56,2.5,-0.46,-0.64,3.52,3.9,0.49,-1.46,-0.17,1.83,0.21,0.6,-0.21,-1.27,-0.9,1.7,1.31,1.53,-1.09,-0.71,4.48,-1.47,1.23,1.45,1.74,-0.53,0.68,-1.38,2.47,0.25,-0.9,0.76,2.63,-0.12,0.22,-0.17,2.86,2.96,2.2,-0.28,-0.62,-0.36,-0.71,-1.54,-1.06,1.4,-1.19,0.85,4.35,0.06,1.75,0.57,0.43,1.91,-0.72,-0.83,1.61,0.83,2.86,1.03,1.38,-0.16,0.02,1.06,-0.06,10,-0.08,0.89,1.55,2.29,-0.98,-1.26,3.53,0.73,-0.26,-1.21,0.08,-1.41,2.27,-1.16,-0.34,0.18,0.8,-1.17,1.5,,,,,
0,-0.3,-0.21,-0.28,0.56,-1.14,-0.91,0.65,-1,-0.17,2,-0.28,-0.23,0.33,-0.53,-0.62,-0.11,-0.09,1.27,1.57,-0.61,-0.61,-0.76,1.1,-0.69,-0.27,-0.08,-0.31,-0.77,-0.56,-0.49,-0.38,1.51,-0.78,-0.37,-0.26,-0.09,-0.33,-0.39,-0.17,-0.65,0.42,-0.19,-0.54,-0.59,-0.29,-0.38,1.08,-0.71,0.68,1.24,0.55,-0.49,0.18,-0.38,0.46,-0.47,0.73,0.55,-0.39,0.86,1.69,-0.62,-0.48,-0.6,-0.34,-0.5,-0.21,-0.01,0.7,-0.43,-0.1,0.13,-0.65,-0.56,0.03,-0.42,-0.49,0.24,-0.33,-0.23,0.42,0.14,-1.02,-0.28,0.1,2.94,0.56,0.17,-0.88,-1.01,0.8,-1.38,-0.79,-0.04,1.39,-0.76,0.75,-0.09,-0.65,-0.26,1.32,-0.21,1.28,1.21,-1.03,-0.67,0.66,-0.08,-0.31,-0.22,-0.41,1.9,-0.29,0.32,0.28,-0.36,-0.78,0.39,-0.39,-0.36,-0.78,0.2,-1.23,-0.58,0.05,-0.46,-0.29,0.79,-0.09,-0.52,,,,,
0,2.43,0.41,-0.88,-1.32,2.27,5.56,-0.58,-1.21,-0.47,2.23,0.22,2.33,-1.18,0.64,0.48,-0.27,-0.79,-1.4,-0.25,0.13,0.13,-0.46,1.35,-0.96,0.12,-0.76,3.05,-0.44,-1.02,2.77,0.63,-1.56,-0.89,-0.44,0.02,-0.52,1.22,-0.07,0.18,4.78,-0.04,-0.54,-0.7,-0.94,1.74,-0.33,0.2,-0.85,3.48,-1.11,0.53,-0.78,0.8,-0.27,0.03,6.01,0.04,-0.79,-0.89,1.86,2.06,-0.9,-0.67,0.3,2.99,-0.63,-1.15,-0.09,-1.51,-0.91,-1.16,0.78,-1.87,-0.68,-0.44,0.49,-1.05,9.01,-0.35,0.27,12.46,4.04,2.41,0.05,3.97,0.64,8.4,2.65,8,1.5,-0.92,1.65,-0.8,-0.28,2.14,-0.81,-0.21,-0.59,0.26,-0.64,3.26,-0.15,-0.94,1.32,8.39,-0.49,1.57,-1.41,-0.23,-0.24,-0.41,2.31,3.68,6.21,-1.37,-0.91,3.78,19.65,-0.58,-0.34,3.64,7.67,-1.06,-0.71,1.3,3.48,-0.13,-0.82,4.93,-0.75,,,,,
0,1.75,2.61,-0.84,-1.18,6.64,7.72,0.34,-1.4,0.73,4.38,3.05,13.01,-0.05,-1.46,2.56,0.65,-0.29,-0.92,5.93,1.26,1.26,-0.36,4.1,-1.02,1.24,-0.77,5.66,0,-0.94,2.67,7.95,-1.01,-0.34,-0.48,-0.28,-0.68,0.55,1.3,2.26,5.9,7.71,4.25,-0.51,-0.61,3.41,-0.42,3.57,-0.24,13.87,0.29,7.55,-0.25,3.37,-0.68,0.23,14.5,0.48,-0.73,-1.34,4.53,9.02,-0.86,-0.52,1.8,5.49,-0.24,-0.81,0.87,-1.3,-0.83,-0.32,0.78,-2.05,-0.12,-0.04,2.47,-0.98,18.44,-0.2,1,39.75,9.21,11.3,4.71,11.09,1.75,8.63,3.67,35.18,3.71,-0.73,1.8,-0.89,0.25,5.08,-0.85,0.12,-0.39,-0.15,-0.61,3.64,-0.14,-0.99,8.27,28.19,-0.65,2.86,-0.04,-0.17,-0.19,0.15,3.41,23.08,6.75,-1.42,0.59,20.61,91.37,0.29,-0.4,2.87,54.32,-0.73,-0.65,5.55,14.49,0.23,-0.92,16.43,0.05,,,,,
0,0.14,-0.28,-0.75,-0.63,1.22,1.36,-0.56,-0.82,0.17,0.78,0.14,1.12,-0.55,0.61,0.1,0.22,-0.36,-0.38,-0.44,-0.09,-0.09,-0.84,-0.14,-0.63,-0.48,-0.67,0.15,-0.96,-0.17,0.03,0.87,-0.49,0.22,-0.35,0.12,-0.26,0.23,-0.09,0.79,-0.82,0.33,1.35,-0.32,0.13,0.19,-0.38,-0.48,0.36,0.03,0.15,1.04,-0.55,0.31,-0.18,-0.33,-0.39,-0.57,0.39,-0.11,-0.01,-0.89,-0.56,-0.8,-0.19,0.07,-0.75,-0.61,-0.47,-0.6,-0.55,0.23,-0.02,-0.61,-0.62,-0.5,0.55,-0.94,1.13,-0.28,-0.18,0.45,0.42,-0.23,-0.35,0.77,0.42,-0.21,-0.59,1.26,-0.6,-0.45,-0.84,-0.59,-0.6,0.6,-0.59,-0.25,-0.33,-0.73,-0.28,0.34,-0.33,-0.81,-0.57,0.57,-0.54,0.39,-1.18,-0.31,-0.16,-0.55,0.12,-0.43,-0.07,-0.52,-0.01,-0.32,1,-0.15,-0.32,0.24,1.01,-0.71,-0.53,0.25,0.41,-0.14,-0.09,0.5,-0.61,,,,,
0,0.1,1.57,0.18,1.23,-0.99,1.23,1.53,1.96,0.3,-0.78,1.17,0,-0.62,0.02,-0.81,-0.25,0.49,0.55,-1,2.03,2.03,0.25,1.29,0.37,1.07,0.76,1.96,1.33,1.3,-0.51,0.98,0.39,-0.49,4.02,-0.22,0.47,-0.07,-0.2,1.09,2.47,-0.99,0.08,0.13,0.26,-0.68,1.02,-0.75,-0.44,-1.02,2.85,1.99,0.53,-0.1,0.02,1.56,0.8,0.51,-1.43,-0.44,-0.23,0.67,4.26,0.01,-0.99,1.14,0.45,-1.62,0.67,0.06,-0.31,0.26,1.61,-1.31,0.54,-0.41,-0.32,1.76,1.89,-0.21,0.29,0.75,2.26,1.88,0.8,0.07,-0.64,0.21,-0.7,-0.62,-1.59,0.74,-1.21,0.18,0.95,-0.51,0.82,0.63,-0.26,1.6,-0.14,-0.84,0.72,1.48,1.53,2.2,0.34,0.2,0.65,0.25,-0.19,0.38,-0.18,0.57,0.59,1.34,-1.5,-1.18,0.3,-0.54,-0.21,-0.33,-0.42,-0.78,1.26,0.3,-0.39,-0.17,0.79,0.85,0.01,,,,,
0,0.38,-0.39,-0.66,0.95,-0.93,-0.73,0.69,-0.9,-0.58,0.14,-0.77,-0.76,-1.57,0.61,-0.15,-0.08,-1.55,1.16,-0.17,-0.76,-0.76,-0.78,2.78,-0.64,-0.32,-0.68,-0.83,-0.82,-1.23,-0.54,-0.88,-0.49,-0.93,-0.47,0.17,-0.33,0.24,-0.21,-0.03,-0.98,-0.07,-0.86,-0.52,-0.69,0.48,-0.58,-0.31,-0.89,0.08,-1.2,-0.13,-0.49,3.01,-0.6,-0.4,-0.48,-0.29,-0.6,-0.34,-0.77,-0.22,-0.77,-0.61,0.02,-0.17,-0.54,-1.22,-0.65,-0.16,-0.55,-0.4,0.55,-1.6,-0.55,-0.39,-0.34,-0.39,1.54,-0.36,-0.2,0.84,-0.96,-1.29,-0.99,-0.04,1.22,-0.1,1.17,2.34,-1.23,-0.58,-0.34,-1.07,-0.57,2.08,-0.95,-0.83,-0.43,-1.05,0.28,1.95,-0.32,0.76,0.09,-0.32,-0.85,0.82,-0.99,-0.35,-0.22,-0.51,0.44,-0.62,-0.57,-0.53,-0.69,-0.15,-0.53,-0.46,-0.35,-1.21,-0.49,0.04,-0.56,1.52,0.52,-0.29,-0.65,2.29,-0.04,,,,,
0,0.48,-1.04,-0.92,-1.41,0.39,1.28,-1.02,-1.61,-0.96,3.61,-0.98,-0.23,-1.57,1.17,-0.4,-0.47,-1.3,-1.45,-0.51,-0.54,-0.54,-0.79,-0.33,-0.92,-0.53,-0.85,2.24,-1.26,-1.7,1.2,-0.3,-1.5,-1.27,-0.5,0.43,-0.77,1.15,-0.32,-0.9,2.35,-1.28,-1.53,-0.61,-1.11,1.62,-0.44,-0.71,-1.26,5.2,-1.25,-0.09,-0.78,1.26,-0.4,-0.73,5.29,-0.48,-0.85,-0.68,0.68,-0.69,-1.32,-0.83,-0.33,2.21,-0.9,-1.54,-0.46,-1.45,-0.85,-1.07,-0.43,-2.14,-0.88,-0.62,1.32,-0.94,1.13,-0.29,-0.24,10.03,0.38,0.47,-0.92,2.72,-0.31,4.35,3.29,8.03,1.47,-1.03,0.83,-1,-0.7,0.08,-1.02,-0.51,-0.65,-0.32,-0.78,2.12,-0.31,-1.56,-0.27,6.32,-0.71,0.74,-1.96,-0.31,-0.16,-0.51,1.67,1.27,2.37,-1.41,-1.73,4.71,8.68,-0.7,-0.37,2.06,7.11,-0.45,-0.78,1.74,1.69,-0.16,-1.11,3.86,-1.03,,,,,
0,-0.43,0.06,-0.02,1.22,0.07,0.91,0.67,-0.45,-0.37,-0.03,1.83,-0.19,1.61,-1.08,-0.81,-0.11,0.09,0.92,0,0.93,0.93,-0.36,0.87,1.12,0.53,0.85,1.52,-0.37,-0.6,0.02,1.61,3.44,1.67,-0.16,-0.09,1.1,-0.23,-0.14,1.33,-0.25,3.7,1.79,-0.19,0.86,-0.9,0.41,0.49,1.95,-0.58,0.94,1.16,0.93,-0.61,-0.28,0.97,0.28,1.04,0.82,-0.68,2.73,0.47,1.09,-0.31,-0.01,0.78,-0.31,-0.61,1.22,-0.04,0.54,3.27,0.34,-0.89,-0.12,0.48,-0.19,0.16,0.21,-0.19,0.02,0.59,2.15,-0.81,3.52,-0.14,0.2,0.48,-0.3,-0.96,-1.66,3.98,-1.36,-0.02,0.35,0.89,0.36,3.42,-0.25,0.19,0.36,-0.07,-0.19,4.26,0.95,-0.61,-0.14,0.35,2.4,-0.21,0.07,-0.04,-0.16,1.23,-0.23,1.57,-1.07,-1.09,0.53,0.5,-0.2,0.89,0.78,-1.32,-0.12,-0.79,0.12,-0.22,5.19,-0.56,-0.11,,,,,
0,0.15,0.33,-0.4,0.38,0.95,1.35,0.98,-0.85,0.33,1.96,-0.49,0.68,-0.53,-0.05,0.72,-0.62,-0.26,0.65,1.19,0.16,0.16,-0.6,0.78,-0.62,0.12,-0.42,1.39,-0.53,-0.63,-0.34,0.33,2.39,0.32,0.07,0.05,0.14,0.47,-0.39,0.71,-0.17,3.47,-0.08,-0.63,-0.04,0.18,-0.31,0.13,0.51,0.21,0.2,0.47,-0.12,1.21,-0.39,0.02,-0.08,0.16,1.89,-0.14,0.9,0.77,0.62,-0.71,-0.41,0.13,-0.59,0.24,-0.2,-0.34,-0.51,1.53,0.89,-0.25,-0.55,-0.44,0.98,-0.77,-0.04,-0.25,-0.18,0.71,0.2,-0.6,-0.23,1.23,0.48,0.83,-0.18,0.88,-0.98,-0.1,-0.63,-0.9,-0.02,1.1,-0.69,0.48,-0.45,-0.37,-0.28,0.49,-0.23,1.25,0.98,-0.23,-0.67,0.9,1.1,-0.26,-0.2,-0.46,0.5,0.27,-0.24,-0.49,0.38,0.45,0.69,-0.49,-0.37,0.03,-0.31,-0.19,-0.61,1.29,-0.18,-0.24,0.73,2.49,-0.17,,,,,
0,-0.66,0.95,-0.28,-0.62,-1.45,-0.69,0.35,-0.73,-0.26,0.15,0.75,-0.15,0.1,0.21,-1.14,-0.18,-0.88,0.74,-0.2,0.44,0.44,0.17,0.55,0.55,-0.08,-0.14,-0.5,0,-0.22,-0.24,-0.3,0.87,0.47,-0.37,-0.27,-0.22,0.02,-0.3,1.23,0.15,1.02,0.09,-0.2,1.75,-0.5,0.23,-0.24,0.66,-0.8,-0.05,-0.52,1.04,-0.49,-0.31,-0.17,-0.21,0.18,3.59,-0.34,2.36,-0.55,-0.59,-0.46,-0.94,-0.12,-0.29,-1.08,0.14,-1.19,0.89,0.95,-1.03,-1.33,-0.48,-0.5,0.58,0.47,0.07,-0.1,-0.18,0.63,0.64,-0.72,-0.7,0.47,0.19,-0.35,-0.54,0.41,-0.77,0.46,0.04,-0.29,0.42,-0.5,0.02,0.12,-0.44,0.2,-0.29,-0.59,-0.29,2.98,0.07,-0.12,-0.1,-0.05,0.9,-0.16,-0.17,0.28,-0.56,-0.12,-0.34,0.4,-1.24,-0.26,0.52,-0.6,-0.21,0.52,-0.56,0.17,-0.11,0.57,-0.38,-0.06,0.53,0.7,-0.39,,,,,
0,-0.57,0.15,-0.65,-0.45,0.43,-0.52,0.24,-0.88,-0.58,0.7,0.57,-0.54,0.3,-0.15,-0.19,-0.55,-0.56,0.99,2.3,-0.38,-0.38,-0.48,0.17,-0.29,-0.2,-0.36,1.24,-0.01,-0.56,-0.19,-0.21,2.72,-0.06,-0.24,-0.3,-0.1,-0.31,-0.41,1.94,-0.34,1.87,-0.49,-0.62,0.22,-0.63,-0.23,0.82,0.07,0,-0.17,0.01,0.06,-0.41,-0.46,-0.19,-0.19,0.61,1.84,-0.44,1.62,1.25,-0.63,-0.71,-0.94,0.15,-0.5,-0.67,0.01,0.94,-0.39,1.47,-0.28,-1.09,-0.77,-0.39,0.57,-0.61,-0.42,-0.23,-0.2,0.21,0.68,-0.87,-0.32,0.72,2.45,-0.23,-0.29,-0.35,-0.95,-0.19,-0.51,-0.49,0.03,-0.05,-0.34,0.64,-0.45,-0.26,-0.37,0.32,-0.32,2.36,1.14,-0.21,-0.49,2.5,0.96,-0.26,-0.13,-0.29,1.05,-0.02,-0.36,-0.09,-1.23,-0.22,0.41,-0.35,-0.28,0.45,0.22,-0.62,-0.59,0.27,-0.4,-0.23,2.18,0.02,-0.66,,,,,
0,-1.03,1,-0.19,-0.57,1.9,0.59,0.15,-0.61,0.52,1.01,0.13,0.79,0.43,-0.52,0.64,-0.51,-0.43,2.3,1.1,1.69,1.69,-0.33,1.61,0.81,-0.24,0.19,-0.07,0.13,-0.42,-0.34,1.15,0.56,0.43,-0.08,-0.42,-0.08,-0.21,-0.37,1.12,0.51,2.38,1.41,-0.07,2.98,-0.65,0.16,0.83,0.61,-0.46,0.93,-0.03,1.55,-0.45,-0.46,-0.14,-0.19,0.78,2.95,-0.61,0.28,-0.08,-0.48,-0.34,-0.93,-0.15,-0.18,-1.13,0.48,0.05,0.88,1.4,-0.53,-1.29,-0.31,-0.09,-0.12,0.45,-0.45,-0.17,-0.06,0.32,0.94,-0.49,-0.36,0.27,1.54,-0.68,-0.57,-0.37,-1.23,-0.33,-0.61,0.15,1.25,2.81,0.59,0.6,-0.29,0.42,-0.31,-0.04,-0.23,2.46,0.41,-0.32,0.16,0.45,1.05,-0.14,-0.14,0.11,0.83,0.51,-0.33,0.4,-1,-0.62,0.8,-0.01,-0.28,-0.24,-0.34,-0.73,0,-0.08,-0.08,-0.18,1.43,-0.41,-0.01,,,,,
0,0.92,-0.13,-0.8,-0.4,10.02,4.2,-0.53,-0.86,1.11,-0.55,-0.04,1.99,-0.98,0.27,3.15,0.23,-0.02,-0.77,0.22,0.17,0.17,-0.87,-0.19,-0.82,-0.48,-0.58,0.61,-0.21,-0.24,1.63,2.06,-0.7,0.84,-0.29,0.08,-0.14,0.31,0.21,1.49,-0.71,3.13,1.74,-0.54,0.08,0.09,-0.5,-0.54,1.09,0.24,-1.08,0.94,-0.64,0.75,-0.34,-0.22,0.58,-0.7,0.67,0.3,0.38,0.17,0.65,-0.82,0.21,0.53,-0.73,-0.18,-0.42,0.79,-0.79,1.56,0.2,-0.01,-0.75,-0.57,0.32,-1.04,0.23,-0.32,-0.24,0.85,0.19,0,0.62,1.56,0.46,0,-0.4,1.29,-0.59,-0.4,-0.57,-0.85,-0.43,0.21,-0.65,-0.04,-0.43,-0.47,0.2,0.43,-0.29,-0.72,-0.89,0.57,-0.63,1.07,-0.14,-0.3,-0.2,-0.55,-0.56,-0.17,0.48,-0.69,1.16,1.17,1.31,-0.31,-0.25,0.83,0.91,-1.05,-0.65,0.07,1.62,-0.23,0.38,-0.16,-0.54,,,,,
0,0.03,-0.25,-0.7,-0.87,5.09,3.01,-0.63,-0.55,0.63,-1.08,-0.4,0.82,-0.84,0.95,2.14,-0.23,-0.4,-1.08,-1.19,-0.17,-0.17,-0.4,-0.94,-0.62,-0.46,-0.64,-0.17,-0.09,0.04,2.03,0.84,-1.22,0.96,-0.38,0.57,-0.19,0.12,0.42,1.04,-0.61,1.13,0.73,-0.54,-0.04,-0.23,-0.41,-0.98,1.22,-0.88,-0.87,-0.12,-0.61,0.05,0.03,-0.22,0.41,-0.8,-0.78,0.23,-0.71,-0.42,0.23,-0.82,0.62,-0.02,-0.72,0.68,-0.56,-1.17,-0.76,1.66,-0.67,0.61,-0.63,-0.65,-0.2,-0.95,0.17,-0.34,-0.32,0.33,0.13,0.22,-0.28,0.13,-1.06,-0.22,-0.45,0.08,0.56,-0.68,0.43,-0.3,-0.61,-0.12,-0.3,-0.56,-0.4,-0.3,-0.06,-0.62,-0.3,-1.18,-1,0.9,-0.36,-0.04,-0.73,-0.3,-0.24,-0.53,-1.15,-0.57,0.5,-0.98,0.25,1,0.33,-0.52,-0.14,0.84,-0.39,-0.28,-0.55,-0.33,0.85,-0.17,-0.7,-0.24,-0.47,,,,,
0,-0.35,1.5,0.01,-0.12,-0.16,1.71,0.56,-0.73,0.65,-0.49,1.67,1.13,-0.12,-0.39,-0.22,0.1,1.27,-0.29,0.43,2.07,2.07,-0.7,1.43,-0.18,-0.12,0.24,-0.09,0.03,0.46,1.55,1.46,0.24,1.31,0.2,0.06,0.79,0.24,-0.02,0.93,0.6,1.27,2.06,-0.54,0.61,0.4,0.09,-0.08,1.63,0.22,-0.47,1.11,0.51,0.03,-0.09,1.39,0.55,0.54,0.77,-0.52,1.01,0.65,1.01,-0.65,-0.26,0.52,-0.5,0.07,0.17,1.04,-0.41,1.87,-0.3,0.11,-0.26,-0.31,0.43,-0.39,1.06,-0.27,-0.06,1.12,2.62,0.48,0.64,0.59,0.27,0.06,-0.49,0.25,-0.76,0.88,-0.6,-0.25,0.11,0.14,0.61,1.23,-0.22,0.5,0.14,-0.38,-0.17,1.54,-0.07,0.8,-0.02,2.02,1.81,-0.24,-0.24,-0.42,-0.45,0.04,0.01,0.23,0.59,0.23,1.02,-0.31,-0.33,0.7,0.68,-1.16,-0.12,0.29,-0.05,-0.26,1.66,-0.11,-0.58,,,,,
0,-0.42,-0.67,-0.31,0.1,-0.85,1.37,-0.46,-0.69,-0.66,-0.24,-0.86,-0.32,-0.88,0.87,-0.61,-0.59,-0.09,-0.39,-0.4,0.18,0.18,-0.51,0.22,-0.64,-0.45,-0.53,-0.39,-0.38,-1.14,0.3,0.23,-0.8,0,-0.35,0.26,-0.51,0.32,-0.2,0.3,-1.04,4.19,-0.56,-0.6,-0.48,-0.02,-0.51,-0.91,0.1,0.27,-0.85,-0.29,-0.48,1.4,-0.61,-0.61,-0.55,-0.51,-0.69,0.04,-0.21,-0.74,0.55,-0.76,0.59,-0.44,-0.72,-0.03,-0.51,-0.22,-0.67,0.37,-0.41,0,-0.59,-0.57,0.59,-0.86,-1.05,-0.26,-0.33,-0.26,-0.87,-0.06,-0.45,0.14,-0.33,-0.84,0.61,1.79,-0.6,-0.75,1.69,-0.98,-0.57,1.71,-1.04,-0.46,-0.47,-0.71,-0.21,-0.36,-0.3,-0.52,-1.02,-1.33,-0.77,0.24,1.22,-0.3,-0.24,-0.57,0.08,-0.28,-0.73,-0.82,0.36,0.22,-0.86,-0.31,-0.19,-0.62,-0.71,0.47,-0.64,0.43,-0.6,-0.27,-0.36,0.6,-0.53,,,,,
0,0.5,-0.59,-0.81,-0.37,3.87,1.36,-0.21,-0.73,-0.05,-0.11,0.15,-0.34,-0.37,0.59,1.11,0.94,-0.95,-0.36,-0.3,-0.43,-0.43,-0.95,-0.84,-0.54,-0.53,-0.67,0.16,-0.19,-0.52,2.79,0.29,-0.76,0.26,-0.42,-0.11,-0.25,-0.19,0.53,1.34,-0.75,0.59,0.23,-0.52,-0.13,-0.53,-0.47,-0.49,0.44,-0.41,-1.08,-0.41,-0.56,0.02,-0.01,-0.42,0.13,-0.79,-0.37,0.16,-0.42,0.59,0.4,-0.8,0.25,0.68,-0.7,-0.02,-0.54,-0.44,-0.67,1.43,0.06,-0.02,-0.8,-0.57,-0.53,-0.88,-0.07,-0.33,-0.29,-0.35,-0.15,-0.74,0.31,-0.21,-0.23,-0.5,-0.37,-0.46,0.13,-0.57,0.44,-0.39,-0.61,1.11,-0.77,-0.32,-0.45,-0.62,0.14,0.29,-0.34,-0.96,-0.8,0.42,-0.66,0.09,-0.88,-0.32,-0.25,-0.55,-0.46,-0.6,0.14,-0.74,0.09,0.28,-0.14,-0.32,-0.31,1,1.78,-0.7,-0.63,-0.06,0.04,-0.26,0.14,-0.44,-0.61,,,,,
0,-0.75,-0.15,-0.2,-0.61,4.53,1.59,-0.16,-0.26,-0.35,-0.83,-0.17,-0.15,0.15,0.52,4.04,0.19,0.74,-0.75,-0.03,0.58,0.58,-0.38,-0.08,0.09,-0.51,-0.23,-0.39,0.17,-0.27,0.58,0.66,-1.17,0.9,-0.3,-0.23,-0.22,-0.38,0.32,0.62,-0.45,0.81,0.42,-0.24,0.5,-0.67,-0.22,-0.76,1.06,-0.31,-0.66,-0.11,0.43,-0.26,-0.31,-0.41,-0.35,-0.38,0.2,-0.6,-0.9,-0.66,0.32,-0.67,0.17,-0.34,-0.52,-0.72,-0.28,0.04,-0.24,-0.19,-0.9,-0.27,-0.41,-0.49,-0.12,0.17,-0.72,-0.15,-0.25,-0.28,-0.6,0.94,-0.35,-0.44,-0.15,-0.89,-0.63,-0.04,-0.62,-0.7,-0.02,-0.41,-0.07,0.06,-0.41,-0.11,-0.28,-0.07,-0.27,-0.43,-0.3,0.2,-1.04,0.02,-0.43,-0.34,0.34,-0.25,-0.24,-0.5,-0.81,-0.13,-0.59,-0.32,0.43,0.07,-0.7,-0.22,-0.1,-0.2,0.11,0.53,-0.11,-0.27,-0.67,-0.24,0.03,-0.39,-0.48,,,,,
0,-0.93,-0.66,2.56,-0.72,-1.76,-0.83,-0.56,0.1,-0.92,-0.57,0.07,-0.98,0.44,-1.52,-1.23,-0.78,2.98,1.39,0.81,1.95,1.95,1.33,-0.2,3.42,0.77,3.28,1.09,0.44,0.02,0.92,0.78,0.93,-0.48,0.27,-0.47,-0.44,-1.23,-0.27,-0.52,8.04,-1.18,0.66,11.46,1.25,-0.92,2.75,-0.58,-0.49,-0.59,4.39,0.22,2.7,-1.38,-0.56,-0.33,-0.92,0.51,-1.13,-1.31,-0.36,-0.92,0.21,3.52,-0.7,-0.28,5.8,-0.21,4.64,0.09,5.73,0.44,-0.74,-0.71,4.07,1.14,-0.98,1.99,-0.81,7.33,11.42,-0.69,0.66,0.26,2.32,-1.08,-0.81,-1.33,-0.35,-1.92,-1.21,0.91,-1.58,3.54,3.23,-0.48,2.52,1.57,0.72,4.61,-0.61,-1.05,1.96,0.51,0.42,-1.1,7.69,-0.72,-0.14,8.65,4.81,6.18,0.05,3.36,-0.62,3.12,-1.15,-0.83,-0.62,0,-0.27,-1.47,-0.37,-1.25,5.38,-0.99,-1,8.69,2.18,-1.7,-0.48,,,,,
0,0.37,-0.8,-0.59,-0.64,0.82,0.97,-0.42,-0.27,-0.58,2.54,0.25,0.08,-0.96,-0.77,1.27,0.28,1.44,0.68,2.36,-0.39,-0.39,-0.78,0.52,-0.75,-0.53,-0.37,-1.19,-0.66,0.31,-0.55,-0.35,0.55,-0.75,-0.43,1.06,0.17,-0.33,-0.21,-0.79,0.14,1.34,0.28,-0.61,-0.29,0.46,-0.62,0.01,-0.67,1.55,-0.74,0.17,-0.2,0.58,-0.19,-0.19,-0.48,-0.41,0.73,-0.39,0.56,0.18,-0.07,-0.79,1.06,-0.83,-0.52,0.87,-0.43,1.22,-0.47,1.03,1,0.23,-0.61,0.02,-0.6,-1.09,1.63,-0.3,-0.3,-0.15,-0.36,-0.56,-0.62,-0.11,1.47,0.37,0.4,0.25,0.12,0.76,-0.58,-0.55,-0.36,0.28,-0.15,0.56,-0.23,-0.76,-0.03,3.02,-0.32,0.33,-0.17,0.24,-0.52,1.59,0.66,-0.33,-0.25,-0.52,1.69,-0.4,-0.21,0.25,1.64,1.87,-0.17,-0.36,-0.37,-0.03,0.49,-0.68,-0.6,0.69,-0.38,-0.28,0.74,0.32,-0.52,,,,,
0,0.28,0.71,0.82,-0.56,-1.17,0.65,0.13,-0.41,0.53,1.4,1.94,2.72,0.37,-1.8,-0.71,0.93,2.98,1.48,1.36,2.51,2.51,-0.33,2.99,0.22,-0.44,1.38,-1.32,-0.97,0.22,-0.71,0.99,1.93,0.58,0.04,1,0.85,0.48,-0.22,-1.37,0.9,3.04,1.59,-0.29,0.47,0.74,-0.29,-0.23,0.77,1.19,-0.13,0.76,0.08,1.25,0.11,0.86,-0.35,1.07,2.52,0.04,-0.68,0,-0.18,-0.09,0.7,-1.5,0,0.79,0.64,2.41,0.88,2.11,0.7,1.34,0.31,0.1,-0.93,0.51,1.23,-0.01,-0.15,0.84,0.29,0.22,1.06,-1.29,0.36,0.33,-0.33,0.39,-0.12,1.94,-1.25,0.24,0.66,-0.07,0.98,2.77,0.01,0.93,0.48,1.4,0,3.47,0.15,1.2,0.44,0.34,2.9,-0.25,-0.19,-0.19,1.93,-0.21,-0.3,1.17,1.58,1.12,-0.71,-0.08,-0.35,0.38,0.33,-0.43,0.34,0.02,-0.54,-0.24,3.6,0.94,0.45,,,,,
0,-0.17,0.5,0.45,-1.07,-0.98,-0.59,-0.29,-0.88,0.52,1.09,2.73,2.01,0.46,-2.04,2.18,1.15,2.87,0.96,1.12,2.77,2.77,-0.08,1.83,0.54,-0.58,1.52,-1.36,-1.25,-0.67,-0.76,0.07,0.98,0.86,-0.35,0.61,1.61,0.37,-0.03,-1.43,1.51,0.71,0.37,-0.36,0.47,0.38,-0.19,0.44,1.02,1.42,-0.97,0.1,-0.48,0.18,0.83,1.11,-0.12,1.65,1.27,-0.32,-0.85,-0.57,-0.77,-0.05,0.52,-1.52,0.01,0.83,0.46,1.71,1.32,0.31,0.13,1.35,0.12,0.77,-1.05,-0.33,1.52,-0.11,-0.19,0.61,1.73,-0.76,0.43,-1.49,1.88,0.6,-0.45,0.17,-0.54,2.97,-1.28,0.28,0.37,-0.46,1.64,3.06,0.61,1.08,0.42,1.84,-0.12,2.9,-0.5,0.66,0.99,0.81,2.68,-0.31,-0.06,-0.08,1.39,-0.54,0.07,1.04,0.48,0.8,-0.73,0.97,-0.34,0.84,0.96,-0.93,0.19,-0.8,-0.73,-0.19,5.59,-0.87,0.3,,,,,
0,-0.71,-0.58,2.24,-0.6,-1.71,-0.76,-0.18,0.8,-1.15,-0.97,0.27,-1.28,1.17,-1.24,-0.59,-0.85,1.9,0.22,-0.05,0.92,0.92,2.29,-0.63,4.07,0.96,2.5,0.74,0.92,0.6,1.92,0.38,-0.32,0.17,-0.03,-0.69,-0.49,-1.31,-0.29,-0.95,6.51,-1.74,0.48,8.89,0.78,-1.1,3.23,-0.88,0.25,-1.03,-0.13,-0.88,2.45,-1.48,-0.36,-0.52,-0.84,-0.05,-1.15,-0.91,-0.97,-1.16,0.77,5.44,-1.04,0.07,4.37,-0.46,4.03,-1.37,3.73,0.84,-0.78,-0.76,3.39,0.53,-1,2.9,-0.7,5.92,5.97,-1.24,-0.75,0.09,1.39,-1.23,-1.08,-1.31,-0.3,-1.83,-1.03,0.25,-1.61,6.13,1.93,-0.7,3.12,1.56,0.09,3.12,-0.54,-1.26,0.79,0.17,-0.47,-1.5,5.62,-1.36,-0.29,5.85,3.55,4.07,-1.11,1.84,-0.65,3.62,-1.27,-0.97,-1.04,-0.38,-0.21,-1.29,-0.66,-0.96,6.59,-0.74,-1.04,8.22,0.9,-1.5,-0.19,,,,,
0,0.06,-1.46,-0.81,-1.1,-1.35,0.3,-0.58,-0.7,-1.03,0.62,0.01,-0.74,-0.59,0.73,-0.98,0.08,-0.78,-1.2,-0.47,-0.93,-0.93,-0.4,-0.15,-0.74,-0.55,-0.65,-0.17,-0.16,-0.01,5.07,-0.11,-0.55,-0.99,-0.45,-0.4,-0.44,-0.53,0.28,-0.48,-0.52,-1.13,-0.67,-0.51,-0.62,-0.2,-0.52,-0.74,-0.96,-0.46,-1.21,-0.99,-0.65,-0.75,0.21,-0.72,-0.38,-0.97,0.27,-0.06,-0.41,-0.95,-0.22,-0.78,-0.42,0.87,-0.47,0.84,-0.32,-0.63,-0.62,0.09,-1.04,0.26,-0.77,-0.61,-0.46,-1.18,0.89,-0.09,-0.23,-0.82,-0.96,-0.92,-0.05,-0.3,-0.23,-0.58,0.62,-0.46,1.15,-0.26,-0.92,-0.58,-0.48,0.22,-0.75,-0.32,-0.39,-0.66,-0.22,-0.24,-0.36,-0.54,-0.43,0.44,-0.51,-0.68,-1.03,-0.27,-0.24,-0.45,-0.18,-0.34,-0.34,-0.7,-1.04,0.87,-0.39,-0.68,-0.19,0.36,0.1,0.32,-0.64,0.33,-0.61,-0.06,-0.39,0.17,-0.98,,,,,
0,-0.39,-1.29,-0.46,-1.16,-0.22,0.48,-0.77,-0.6,-0.89,-0.19,-0.09,-0.42,-0.59,0.3,-0.2,-0.08,0.82,-0.82,0.04,0.18,0.18,-0.24,0.43,-0.45,-0.5,-0.61,1.03,-0.31,-0.18,3.01,0.84,-1.02,-0.5,-0.32,-0.38,-0.54,-0.25,0.16,-0.93,0.28,0.12,-0.37,-0.52,-0.27,-0.09,-0.39,-0.61,-0.45,0.77,-0.82,-1.26,-0.1,-0.29,-0.3,-0.61,-0.9,-0.79,-0.3,-0.2,-0.04,-0.94,-0.58,-0.59,-0.08,1.22,-0.52,1.27,-0.12,-0.43,-0.53,0.35,-0.79,0.75,-0.34,-0.38,-0.19,-0.55,-0.49,0.03,-0.18,-0.48,-0.93,0.66,-0.22,-0.74,-0.06,-1.09,0.45,-0.53,0.18,-0.72,-1,-0.32,-0.08,-0.72,-0.19,1.2,-0.26,-0.3,-0.32,0.05,-0.28,0.38,-0.87,-0.76,-0.33,-0.68,-0.86,-0.27,-0.25,-0.41,-0.23,0.08,-0.65,0.08,0.07,-0.15,-0.68,-0.31,-0.25,-0.49,0.27,0.19,-0.48,-0.15,-0.92,-0.19,0.23,-0.26,-0.81,,,,,
0,-0.71,-1.08,0.15,-0.93,-1.58,-0.09,-0.51,0.61,-1.09,-0.36,0.87,-1.11,0.92,-0.59,-1.2,-0.75,1.59,-0.28,-0.94,-0.36,-0.36,-0.66,-0.83,0.97,-0.46,0.33,1.13,0.62,0.28,2.1,0.13,-0.54,0.45,-0.45,-0.37,-0.31,-1.02,-0.18,-0.22,1.56,-1.15,-0.17,-0.07,0.34,-0.88,-0.18,-0.63,0.5,-0.82,4.46,-0.81,2.74,-1.23,-0.25,-0.46,-0.84,-0.65,-0.57,-0.88,-0.73,-1.03,-0.11,-0.16,-0.74,1.34,0.22,0.68,0.33,-0.98,1.12,1.18,-0.82,0.97,0.17,0.69,-0.88,0.15,-0.63,0.15,-0.24,-1.15,-0.34,0.58,0.57,-1.2,-0.96,-1.18,-0.16,-1.78,0.18,-0.19,-1.29,1.52,-0.32,-0.58,0.78,1.23,-0.27,0.11,-0.1,-0.63,-0.33,0.06,-0.77,-0.83,0.64,-1.21,-0.26,-0.24,-0.21,0,-0.73,0,-0.63,0.59,-0.19,-0.31,-0.96,0.2,-0.24,-0.17,-0.01,-0.56,0.21,-0.72,-0.98,-0.14,0.01,-1.46,-0.22,,,,,
1,-1.05,1.76,2.44,5.98,-1.59,-0.83,1.76,2.79,-1.24,1.09,-1.72,-0.76,-0.61,0.21,-0.3,-0.53,1.66,1.43,-0.96,-0.55,-0.55,2.73,2.28,-0.75,1.64,-0.48,-0.44,1.7,2.75,-0.67,-1.11,-0.6,-0.08,-0.37,0.15,-0.85,-1.12,-0.49,-0.29,0.65,-0.33,-0.46,-0.57,-0.63,0.99,-0.25,0.03,-0.48,-0.42,4.44,1.1,-0.41,-0.44,-0.55,-0.68,-0.82,-0.01,0.49,-1.18,-0.21,-0.22,-0.38,0.07,0.02,-0.27,4.09,0.49,-0.36,-0.21,0.6,-1.8,-0.2,0.04,0.72,-0.14,0.38,-0.94,-0.36,0.24,-0.37,-1.28,-0.29,6,-0.64,1.55,-1.09,-0.8,0.66,-1.71,0.24,-0.59,0.75,-0.21,-0.32,2.73,-0.5,-1.35,-0.11,-0.55,-0.81,0.13,-0.14,-0.83,1.27,-1.46,0.84,0.88,-0.98,0.58,-0.28,-0.09,2.04,-0.26,-0.61,-0.68,0.78,3.48,-0.48,-0.22,-0.32,-0.99,-1.2,2.38,-0.53,2.07,-0.65,-0.24,-0.88,3.41,-0.51,,,,,
1,-0.94,-0.36,-0.19,-0.63,-0.31,0,-0.11,7.24,-0.42,-1.78,0.94,0.1,1.21,0.01,-0.76,-0.9,-0.52,-0.6,-1.25,0.55,0.55,0.19,-0.05,2.41,-0.33,0.16,-0.44,1.27,1.74,-0.38,0.16,-1.08,-0.38,0.37,-0.77,-0.41,-0.55,-0.38,1.31,0.23,-0.94,0.36,2.04,1.26,-1.41,0.65,-0.06,-0.8,-0.86,-0.61,-1.15,3.23,-1.61,-0.2,-0.34,-0.3,-0.33,-0.81,-1.17,-0.45,-0.75,0.26,0.08,-1.26,-0.2,2.19,-1.92,1.24,-0.92,1.95,-0.14,-0.48,-1.79,0.99,0.02,-0.97,2.71,-0.18,-0.21,-0.34,-0.75,0.11,2.28,0.46,-1.05,-1.33,-0.9,-0.63,-1.6,-0.27,0.24,-0.74,0.94,1.2,-1.55,1.62,-0.74,-0.45,0.85,-0.78,-1.24,0.24,-0.5,-0.81,1.19,0.43,-1.29,1.01,0.08,-0.17,1.39,-1.6,2.98,0.83,2.16,-1.28,-1.09,-0.27,0.76,0.08,-0.77,0.2,-1.19,0.14,-0.88,-0.65,-0.17,-0.02,-1.66,0.44,,,,,
1,0.93,2.03,0.05,1.81,-0.99,0.07,1.52,3.69,0.33,-1.67,0.1,-0.41,-1.21,-0.84,-0.92,1.04,-1.08,0.23,-0.11,-0.84,-0.84,1.31,0.18,-0.58,-0.47,-0.29,-1.38,-0.54,0.8,-0.25,-0.86,-1.28,0.86,-0.34,0.01,0.28,0.29,2.88,-1.66,-1.34,-0.36,0.19,0.13,0.32,-1.39,-0.7,1.34,0.23,-1.35,0.3,-2.01,-0.96,-0.14,0.56,0.1,0.82,-0.22,-2.17,1.63,-1.44,0.4,0.43,1.46,-0.56,-1.76,0.08,-1.94,-0.73,1.08,-0.81,-1.52,7.04,-0.94,0.88,1.4,-1.25,0.09,-0.55,-0.36,-0.39,1.31,-0.34,1.32,1.34,-1.76,-0.9,1.29,-0.69,-0.19,-1.02,0.13,-0.93,2.11,-0.62,-0.16,0.64,-0.6,1.23,-1.19,2.04,2.62,-0.19,-1.06,-1.22,3.19,-0.31,-0.52,-0.6,-0.23,-0.24,-0.36,-1.7,-0.86,-0.59,-0.32,1.6,-1.07,-1.55,4.06,1.32,0.51,-0.18,0.48,-0.81,-0.68,0.99,-0.32,-0.31,2.48,5.63,,,,,
1,-0.74,3.48,0.77,-0.39,0.71,-0.84,-0.71,1.97,-0.04,0.55,0.88,3.52,3.19,-1.38,1.12,-0.07,5.24,-0.52,-0.71,0.8,0.8,0,0.67,-0.3,-0.65,0.44,-1.36,-0.18,4.05,-0.69,-0.21,-0.73,3.26,-0.45,-0.15,-0.46,0.05,-0.44,-0.87,-0.07,0.79,-0.48,-0.42,-0.49,0.89,-0.36,-0.06,2.18,0.17,0.11,-0.96,-0.62,-0.42,2.96,-0.2,0.27,-0.28,5.34,2.55,-0.76,-0.3,-1.02,-0.2,0.65,-1.68,0.48,5.63,0.15,0.26,0.93,-0.46,-1.1,4.47,0.19,-0.39,-0.76,0.49,1.38,1.03,-0.36,-0.23,0.53,2.35,-0.65,-0.92,-0.48,1.37,0.67,0.41,6.59,-0.34,5.61,2.51,-0.28,-0.08,2.45,-0.4,-0.01,0.83,-0.54,1.64,-0.28,0.01,-0.99,0.96,1.2,1.54,0.88,-0.31,-0.28,-0.28,0.2,-0.36,2.93,-0.64,2.96,3.76,-0.17,-0.19,-0.22,3.77,-0.47,4.06,-0.44,0.17,1.32,-0.17,-0.2,1.23,0.04,,,,,
1,-0.12,3.75,0.55,2.28,1.52,-0.06,0.51,1.63,-0.53,0.95,1.67,3.03,4.29,-1.06,1.53,0.14,2.97,1.4,0.41,1.87,1.87,0.08,4.25,0.13,-0.37,1.84,-1.3,-0.29,3.41,-0.68,0.68,1.85,1.33,-0.29,0.44,-0.17,-0.18,-0.33,0.11,0.4,4.54,0.55,-0.17,0.34,0.34,0.01,0.49,0.59,0.06,1.46,0.96,0.07,-0.11,0.29,0.6,0.46,1.22,5.55,0.51,1.2,0.84,0.07,-0.32,0.41,-1.58,0.67,1.24,1.06,1.59,1.66,0.53,0.12,0.92,0.57,0.36,-0.7,1.91,1.99,0.48,-0.33,0.81,2.33,1.34,0.81,-0.17,-0.25,2.17,-0.22,0.18,1.48,1.83,1.25,3.05,0.07,0.03,1.86,1.01,0.18,1.04,-0.36,1.6,-0.02,2.01,-0.01,0.63,1.19,2.17,3.09,-0.2,-0.24,-0.15,0.98,1.7,1.23,1.01,1.34,0.22,0.57,0.44,-0.16,2.8,-0.17,0.04,-0.29,1.2,0.81,-0.26,2.06,1.63,0.19,,,,,
1,-0.31,0.11,-0.36,0.65,0.29,0.19,-0.15,0.99,-1.06,-0.87,-1.09,0.21,-0.47,1.33,0.04,-0.21,0.67,-0.87,-0.72,-0.45,-0.45,-0.68,0.84,-0.73,-0.38,-0.26,-0.49,0.23,1.24,-0.52,-0.3,-0.67,-0.89,-0.4,-0.26,-0.68,-0.7,-0.41,1.16,-0.47,0.98,-0.72,-0.51,-0.32,-0.49,-0.4,-0.45,-1.17,-0.63,-0.71,-0.43,-0.29,-0.51,-0.33,-0.7,-0.39,-0.66,-0.14,-0.17,0.44,-0.9,0.15,-0.67,0.04,-0.68,-0.19,-0.4,-0.17,-0.31,-0.3,-0.93,-0.35,-0.46,-0.42,-0.49,-0.12,-0.1,-0.03,0.2,-0.28,-0.52,-0.55,1.24,-0.69,-0.13,-0.74,0.09,-0.21,-0.83,-0.02,-0.39,0.9,-0.43,-0.52,-0.16,-0.29,-0.65,-0.4,-0.34,-0.73,-0.22,-0.27,-0.47,-0.84,-1.14,-0.23,-0.08,-0.42,-0.19,-0.26,-0.45,-0.83,-0.23,-0.18,-0.59,0.14,-0.33,-0.08,-0.46,-0.31,-0.01,-0.85,1.3,-0.66,0.83,-0.27,-0.23,-0.52,0.27,-0.78,,,,,
1,-1.03,-0.96,4.99,5.13,-1.85,-0.63,0.88,0.07,-1.16,-1.31,0.47,-1.21,-1.73,-1.59,-0.47,-0.82,2.51,1.52,-0.89,2.16,2.16,1.99,5.37,4.4,4.63,0.45,-1,1.44,-1.31,-0.69,-1.05,-0.96,-1.65,-0.26,-0.76,-0.27,0.94,-0.54,-0.07,-0.56,-0.94,-1.25,-0.07,-0.24,-1.21,2.99,-0.33,-1.69,-1.04,-0.12,-1.87,-0.89,-1.41,-0.65,-0.61,-0.61,2.93,-1.03,-1.26,-1.22,-0.39,1.49,2.05,-1.12,-1.39,-0.59,-1.7,0.95,-1.09,0.94,2.17,1.34,-1.79,-0.4,0.49,-1.16,4.86,-0.52,0.19,-0.25,-0.49,-0.27,2.54,-0.67,-1.53,5.34,-1.43,-0.28,-0.1,-2.12,-0.62,-0.92,-0.56,1.79,2.38,0.21,0.38,-0.34,0.51,-0.94,-0.22,0.34,1.58,-0.68,-1.92,-0.22,-1.41,4.46,0.85,-0.01,-0.15,-0.94,-0.36,-0.93,0.22,-1.78,-1.95,-1.53,0.36,-0.4,-0.67,-0.88,0.3,0.38,-0.21,-1.1,-0.21,0.35,2.19,0.7,,,,,
1,-0.7,-0.55,0.6,-0.17,-1.24,-0.63,-0.54,1.55,-0.37,-0.99,-0.34,-0.72,1.62,0.61,-0.81,-0.73,1.06,-0.56,-0.61,-0.33,-0.33,0.23,-0.31,0.63,-0.48,0.05,-0.77,0.5,0.15,-0.06,-0.61,-0.67,-0.22,-0.38,-0.57,-0.56,-0.75,-0.4,-0.18,-0.18,-1.21,-0.66,-0.15,-0.35,-0.74,0.11,-0.83,-0.15,-0.56,-1.13,-0.68,0.38,-1.08,-0.22,-0.23,-0.56,-0.1,-0.74,-0.43,-0.13,0.11,-0.51,0.27,-0.72,-0.38,-0.13,0.08,-0.06,-0.63,0.36,0.17,-1.13,-0.1,-0.05,-0.32,-0.39,0.52,-0.88,0.18,-0.27,-0.94,-0.29,1.56,-0.61,-0.82,-0.74,-1.05,-0.39,-1.1,0.21,-0.71,-0.13,-0.37,-0.01,-0.41,0.02,-0.2,-0.35,-0.18,-0.65,-1,-0.21,-0.07,-1.01,-0.82,-0.51,-1.68,-0.07,-0.24,-0.24,-0.2,-0.99,-0.31,-0.65,0.08,-0.83,-0.66,-0.77,-0.11,-0.12,-0.85,-0.8,-0.1,-0.12,0.04,-0.8,-0.12,-0.57,-0.61,-0.58,,,,,
1,-0.56,1.06,1.39,0.11,-0.67,-1.33,-0.02,-0.11,0.03,-0.06,0.28,0.42,-0.35,-0.35,0.31,-0.49,0.47,0.95,0.43,0,0,0.23,1.75,0.7,0.72,1.04,-0.9,0.11,0.58,-0.46,-0.71,0.92,-0.14,-0.29,-0.34,-0.3,-0.44,-0.43,-0.02,1.75,-0.07,-0.47,0.17,0.18,-0.23,1.07,0.04,-0.03,-0.28,-0.2,-0.02,0.67,-0.87,-0.3,0.58,-0.49,1.72,1.01,-0.85,1.41,0.69,-0.82,0.66,-0.53,-0.9,0.92,0.3,0.52,0.63,1.87,-0.85,-0.7,-0.47,0.64,1.01,-0.22,3.26,0.83,0.01,-0.07,0.25,4.27,0.06,-0.59,0.11,1.06,0,-0.39,-1.35,0.87,0.4,-0.72,-0.07,1.35,0.21,0.45,0.25,-0.15,0.78,-0.66,-0.43,-0.01,1.86,0.8,-0.19,0.78,-0.36,1.06,-0.01,-0.24,1.13,0.23,-0.14,-0.33,1.05,-0.55,-0.61,0.24,0.39,-0.29,-0.73,-0.95,0.01,1.49,-0.21,-0.57,-0.16,-0.2,-0.2,-0.11,,,,,
1,1.07,0.14,-0.97,-1.28,4.92,-0.57,-0.54,-1.57,0.68,2.07,-0.39,3.88,-1.18,0.15,1.19,-0.23,-1.64,-1.1,-0.09,-1.12,-1.12,-0.94,2.19,-1.07,-0.56,-0.95,-0.43,-0.97,-1.85,4.14,-0.38,-1.84,-1.08,-0.5,1.07,-0.73,3.01,-0.14,1.25,-0.36,2.97,0.17,-0.6,-0.9,4.02,-0.66,2.81,-1.05,9.27,-1.56,2.86,-0.92,4.27,-0.72,0.02,8.27,-1.15,-1.12,-1.15,2.97,5.89,-1.38,-0.84,-0.59,2.88,-0.82,-0.98,-0.66,-1.36,-0.79,-1.79,-0.71,-1.94,-0.87,-0.71,2.03,-1.53,23.97,-0.37,-0.12,37.19,0.26,1.47,-0.77,9.1,2.2,15.37,6.68,38.57,8.15,-0.94,1.98,-1.33,-0.72,1.49,-1.55,-1.54,-0.7,-1.13,-0.81,5.57,-0.38,-1.86,2.31,36.59,-1.01,8.02,-2.12,-0.31,-0.25,-0.37,3.15,12.56,15.97,-1.42,0.72,25.44,87.6,-0.7,-0.38,7.94,59.63,-0.21,-0.69,6.29,17.98,0.07,-0.75,12.4,-1,,,,,
1,-0.83,0.57,1.68,0.05,0.71,0.05,0.07,-0.42,-0.44,-0.32,-0.4,-0.54,0.22,-0.16,1.1,-0.45,2.2,0.38,1.16,0.77,0.77,-0.41,1.31,0.52,0.01,0.76,-0.25,0.17,-0.09,-0.58,0.14,0.47,-0.13,0.1,-0.22,-0.56,-0.39,-0.41,-0.28,0.96,-0.06,-0.19,-0.02,1.13,0.18,0.76,-0.51,-0.07,0.48,1.81,0.8,1.58,-0.16,-0.54,-0.27,-0.51,1.15,-0.36,-0.7,0.47,0.1,0.02,-0.03,0.19,-0.24,0.49,-0.34,0.34,0.56,0.91,-0.15,-0.85,-0.35,0.71,-0.29,0.5,0.03,-0.61,0.1,0.01,-0.45,-0.4,1.23,-0.41,-0.03,0.99,-0.85,-0.4,-0.28,-0.75,-0.51,0.02,0.04,0.19,-0.27,0.34,-0.2,-0.42,0.69,-0.57,-0.71,0.04,0.52,0.22,-0.72,0.53,0.26,1.03,0.02,-0.22,-0.19,0.54,0.48,-0.67,0.3,0.14,0.66,-0.36,-0.52,-0.37,-1.14,-0.73,-0.25,0.96,0.21,-0.82,-0.13,0.61,-0.34,-0.58,,,,,
1,0.67,0.84,-0.07,2.62,-0.24,-0.28,2.29,0.93,-0.61,-0.77,-0.34,-0.99,-1.14,-0.6,-0.78,-0.6,-0.62,1.73,0.44,-0.63,-0.63,0.84,0.48,0,0.06,0.23,-0.6,-0.19,-0.41,-0.38,-0.43,-0.13,-0.26,-0.37,-0.26,0.1,-0.71,-0.16,0.21,-0.52,-0.84,0.08,-0.23,-0.54,-1.01,-0.39,0.15,-0.19,-0.66,0.29,0.99,-0.43,0.05,-0.3,0.4,-0.76,-0.02,-1.54,-0.55,-0.85,1.1,0.87,0.82,-0.63,-0.29,0.14,-1.37,-0.36,0.93,-0.3,-0.37,2.53,-1.02,0.03,1.03,-1.14,0.42,0.8,-0.37,-0.29,-0.37,0.44,-0.49,0.5,-1.08,0.65,-0.7,-0.62,-0.78,-1.54,0.6,-1.15,0.59,-0.02,-0.6,-0.02,0.27,-0.31,-0.75,1,1.08,-0.24,0.66,1.4,0.87,-0.07,-0.16,-0.87,-0.26,-0.24,-0.01,-0.52,-0.53,0.37,0.15,-1.07,-1.2,-0.68,0.68,0.25,-1.35,-0.26,-1.25,0.04,-0.62,0.05,-0.3,0.21,-0.07,1.53,,,,,
1,-0.34,-0.12,0.51,3.69,1.99,-0.17,0.71,0.96,-0.74,-0.82,-1.32,-1.31,-1.67,-0.32,1.67,-0.48,-1.17,0.38,-1.29,0.04,0.04,1.12,2.42,0.1,-0.08,-0.42,-0.99,-1.09,-1.23,-0.23,-0.28,-0.71,-0.67,-0.46,-0.36,-0.34,0.03,-0.17,-1.02,-0.77,-1.04,-0.99,0.18,-0.6,-0.85,-0.51,-0.66,-0.61,0.54,-1.39,-0.24,-0.31,2.58,-0.63,-0.42,-0.71,-0.44,-1.86,0.6,-1.43,-0.49,0.81,0.97,0.72,-0.56,-0.4,-0.47,-0.56,0.3,-0.09,0.94,3.15,-0.4,0.81,0.87,-1.03,1.24,-1.03,-0.39,-0.21,-0.64,-1.22,-0.28,-0.48,-1.47,-0.39,-1.01,1.22,0.14,-0.96,-0.58,-0.59,-1.02,-0.59,1.47,-1.13,-0.27,-0.17,-1.03,1.12,0.6,-0.25,-0.39,-0.11,-1.49,-0.78,-0.59,-1.01,-0.27,-0.24,-0.51,0.94,-0.72,-0.97,-0.21,0.64,-1.21,-1.28,0.92,0.09,-1.76,-0.64,-0.24,-0.41,-0.35,-0.89,-0.27,-0.77,2.09,2.28,,,,,
1,-0.41,2.68,0.61,-0.11,0.65,1.21,0.19,0.72,0.64,-1.07,1.33,0.51,3.01,-0.87,-0.74,-0.82,0.7,2.25,0.16,0.64,0.64,-0.22,-0.37,1.38,-0.17,2.07,2.8,1.84,1.72,0.16,1.39,2.33,1.82,-0.15,-0.2,0.54,-0.95,-0.32,2.55,1.69,1.23,2.25,0.75,2.24,-1,1.52,0.51,2.09,-1.02,0.79,0.97,1.09,-1.27,-0.12,0.95,0.35,-0.28,0.57,-0.71,0.43,1.73,0.85,0.38,-0.93,0.96,1.57,-0.49,1.5,0.19,0.82,0.65,-0.71,0.12,1.5,0.96,-0.8,0.53,-0.37,0.4,-0.04,-0.08,2.7,0.44,6.11,0.19,-0.71,-0.64,-0.68,-1.47,-0.74,1.76,-0.68,3.65,1.6,0.15,2.84,0.87,0.36,1.65,0.08,-0.85,-0.03,1.93,0.88,0.12,2.54,-0.22,0.18,0.17,0.12,1.56,-0.28,2.73,1.99,1.07,-0.32,-0.67,2.29,0.49,0.01,1.72,0.73,-1.36,0.68,-1.11,0.3,0.3,2.76,-1.25,0.36,,,,,
1,-0.68,0.1,0.28,0.8,-0.66,0.97,0.65,-0.2,0.02,-0.75,1.98,-0.38,1.12,-1.2,-1.04,-0.33,-0.03,0.97,-0.43,0.69,0.69,0.04,0.04,2.46,-0.08,0.97,1.46,0,-0.78,0.13,2.31,2.48,1.78,-0.24,-0.42,0.91,-0.64,-0.12,0.4,-0.17,0.93,2.99,0.03,2.25,-1.02,0.42,0.44,2.1,-0.93,1.89,0.7,1.73,-0.68,-0.34,0.94,0.09,1.02,0.66,-0.64,0.5,0.81,0.4,-0.17,-0.18,1.41,-0.09,-0.6,0.73,-0.16,1.13,4.04,0.23,-0.62,0.42,0.48,-0.51,0.33,-0.53,-0.19,-0.2,-0.33,1.54,-0.71,3.61,-0.47,-0.81,-0.5,-0.54,-1.28,-1.32,1.95,-1.16,-0.04,0.18,0.33,0.39,2.86,0.2,0.01,0.58,-0.8,-0.19,2.51,0.65,-0.83,-0.08,-0.29,0.63,-0.28,-0.04,0.25,-0.65,0.56,-0.27,1.18,-0.94,-1.17,0.2,1.31,0,0.68,0.31,-1.38,0.04,-0.92,0.21,-0.2,3.63,-1.32,-0.01,,,,,
1,0.44,-0.84,-0.77,-0.82,-1.53,0.69,-0.26,-0.61,-0.24,-0.23,1.68,-0.86,1.18,0.04,-1.27,0.26,-1.44,-0.73,-0.04,-1.01,-1.01,-0.46,-0.97,-0.25,-0.53,-0.71,-0.38,-0.93,-0.68,0.43,0.7,1.12,0.72,-0.43,0.23,-0.1,-0.36,0.18,0.29,-0.45,-0.42,0.32,-0.42,-0.05,-0.71,-0.29,0.12,0.93,-1.03,2.55,-0.37,-0.2,-0.41,0.13,-0.42,0.6,-0.77,0.67,0.23,0.74,-0.94,-0.41,-0.69,-0.23,0.7,-0.66,-0.33,-0.21,-1.42,-0.63,2.05,-0.6,-0.23,-0.72,-0.52,-0.34,-0.53,-0.85,-0.24,-0.34,-0.45,-0.27,-1.18,1.01,0.26,-0.78,-0.26,-0.47,-0.02,0.2,-0.3,-0.24,0.02,-0.58,-0.65,-0.62,0.71,-0.3,-0.62,0.86,-0.26,-0.35,-0.34,-0.2,0.69,-0.54,-0.31,-1.25,-0.31,-0.13,-0.39,-0.85,-0.32,-0.05,-0.51,-0.94,-0.01,0.26,-0.5,0.25,2.17,1.25,-0.68,-0.65,0.14,1.56,-0.22,0.2,-0.41,-0.57,,,,,
1,0.12,-0.11,0.32,0.08,1.9,1.59,-0.08,0,-0.36,-0.18,0.21,-0.25,1.02,-0.75,-0.4,-0.18,1.86,0.42,-0.18,0.35,0.35,-0.46,0.44,0.36,-0.42,1.01,-0.89,-0.38,-0.43,-0.12,0.94,0.81,1.56,-0.35,-0.4,0.55,-0.72,-0.27,0.2,-0.35,1.56,0.42,-0.32,0.34,-0.84,0.16,0.95,1.81,-0.25,-0.7,0.2,0.43,-0.46,-0.24,0.55,-0.01,0.01,-0.73,-0.44,2.02,0.44,0.29,-0.39,-0.42,-0.18,-0.36,-0.17,0.18,0.91,-0.13,2.34,0.17,0,0.35,0.2,-0.36,-0.49,-0.57,0.16,-0.17,-0.2,0.54,-0.03,1.84,-0.13,0.59,-0.3,-0.49,-0.68,-0.79,0.64,-0.97,-0.16,0.03,0.45,-0.06,1.99,-0.16,-0.34,0.14,-0.24,-0.24,0.93,-0.18,-0.49,-0.33,-0.03,0.88,-0.24,-0.06,-0.17,-0.32,0.2,-0.33,0.15,-0.83,-0.5,-0.2,0.72,-0.19,0.81,1.07,-0.92,-0.37,-0.65,-0.03,-0.1,2.88,-0.97,-0.6,,,,,
1,-0.84,-0.49,-0.69,-1.03,-0.23,-0.4,0.22,-1.62,-0.33,0.81,-0.99,-0.95,-0.72,0.11,-0.37,0.13,-1.43,-0.54,0.69,-0.33,-0.33,-0.89,1.76,-0.78,0.06,-0.73,0.01,-1.02,-1.32,-0.31,-0.19,1.16,-0.2,0.22,-0.66,-0.3,2.09,-0.32,-0.17,-0.61,0.27,-0.3,-0.64,0.17,0.87,-0.33,0.57,-0.03,1.02,0.51,-0.06,-0.39,0.52,-0.65,-0.38,-0.53,0.45,1.28,-0.26,0.97,-0.47,-0.55,-0.74,-0.57,-0.12,-0.73,-0.88,-0.11,-0.04,-0.58,0.81,-0.72,-1.32,-0.72,-0.57,1.88,-0.56,0.21,-0.21,-0.18,0.94,-0.31,-0.97,-0.68,1.59,3.4,-0.64,0.11,2.12,-1.22,-0.79,0.2,-0.78,0.58,0.03,-0.81,-0.11,-0.54,-0.15,-0.39,1.07,-0.3,2.45,0.59,-1.72,-0.64,0.52,-0.24,-0.22,-0.18,-0.47,0.76,-0.08,-0.9,-0.74,-1.38,0.03,-0.01,-0.69,-0.4,0.28,-0.28,-0.47,-0.57,1.86,-0.54,-0.21,-0.08,1.84,-0.87,,,,,
1,-0.66,1.38,2.11,0.12,-0.97,-0.94,1.72,-0.35,0.53,0.29,-0.29,-0.03,0.55,-1.4,-0.45,-0.69,0.48,2.86,1.83,1.64,1.64,0.61,1.1,2.1,3.71,1.79,1.27,0.71,-0.58,3.29,0.45,2.75,0.4,1.57,-0.67,0.06,-0.63,0.21,0.83,3.05,-0.07,0.33,4.01,0.73,-0.9,2.83,1.77,0.54,-0.24,0.62,0.33,1.8,-1.14,-0.52,0.88,-0.14,1.57,1.16,-1.14,0.64,1.2,0.88,3.65,-0.93,0.09,3.4,-1.09,4.21,0.21,2.69,0.65,-0.14,-1.33,2.76,1.68,-0.29,1.47,0.03,4.72,6.52,0.08,2.41,-0.08,2.04,-0.49,-0.28,-0.45,-0.55,-1.55,-1.32,1.97,-1.08,0.64,5.08,0.42,0.8,1.73,-0.01,2.73,-0.58,-0.29,2.02,2.36,1.82,-0.81,2.21,0.26,1.18,7,6.06,7.12,0.11,1.18,-0.08,1.32,-0.4,-0.62,1.08,-0.35,-0.31,-0.14,-0.02,-1.3,1.76,0.09,-0.71,6.69,1.23,-0.83,-0.3,,,,,
1,-0.89,0.4,4.03,-0.27,-1.61,-1.06,0.06,0.14,-1.1,-1.15,-0.4,-1.29,0.99,-1.59,-0.9,-0.97,1.91,1.6,0.24,0.28,0.28,1.49,-0.68,4.85,1.4,3.05,2.29,0.35,-0.4,1.67,-0.13,0.03,1.17,0.58,-0.63,-0.52,-1.22,-0.42,0.1,3.74,-1.45,-0.56,6.09,0.36,-1.28,4.61,-0.59,1.31,-1.2,-0.14,-1.15,1.25,-1.51,-0.52,-0.41,-0.74,0.43,-0.74,-0.91,0.22,0.08,0.86,6.22,-1.14,-0.38,4.13,-0.54,5.16,-1.29,3.05,-0.16,-1.22,-0.83,3.98,0.83,-0.87,2.2,-1.15,12.72,6.1,-1.23,0.95,-0.12,1.47,-1.2,-1.11,-1.23,-0.53,-2.01,-1.2,0.19,-1.23,3,3.34,-1.12,2.14,0.68,-0.23,4.15,-0.68,-1.37,1.76,-0.15,-0.22,-1.72,6.9,-1.34,0.04,9.36,8.26,8.65,-1.13,3.22,-0.69,0.86,-1.35,-1.11,-0.89,-0.25,-0.28,-1.27,-0.89,-1.03,4.35,-1.03,-0.9,14.75,0.49,-1.5,-0.46,,,,,
1,-0.67,0.02,-0.64,-0.05,-1.04,-0.22,0.29,-0.72,-0.09,0.16,0.59,0.03,0.42,0.1,-1.01,0.46,-1.26,0.58,-0.08,-0.06,-0.06,-0.92,1.31,-0.11,0.29,-0.34,0.03,-0.44,-0.99,-0.32,0.38,1.59,0.84,-0.46,-0.6,-0.1,0.02,-0.01,1.08,0.37,2.03,2.97,-0.51,0.64,-0.48,0.07,1.03,1.06,-0.47,1.18,0.29,0.2,0.01,-0.47,0.08,0.77,0.03,0.7,-0.28,0.98,-0.09,-0.61,-0.61,-0.39,0.28,-0.32,-1.18,0.05,-0.94,0.24,1.18,-0.1,-1.58,-0.68,-0.44,-0.04,-0.19,1.63,-0.3,-0.18,1.05,0.53,-1.08,0.64,0.65,1.55,0.19,0.09,-0.19,-1.22,0.3,-0.42,-0.56,0.03,0.84,-0.49,1.24,-0.41,-0.29,-0.19,0.08,-0.34,2.33,0.52,-0.6,-0.52,0.75,0.97,-0.28,-0.19,0.18,-0.32,0.05,0.25,0.4,-1.14,0.11,1.46,-0.43,-0.38,1.37,0.7,-0.37,-0.49,0.11,0.16,-0.24,1.27,0.08,0.15,,,,,
1,-0.37,0.41,-0.06,0.26,0.01,0.55,0.26,-0.75,-0.33,0.27,0.09,-0.08,0.25,-0.64,-0.59,-0.61,0.76,0.91,0.88,0.29,0.29,-0.67,1.18,0.04,-0.1,1.11,1.07,-0.24,-0.36,-0.29,0.8,2.45,0.44,-0.19,-0.26,0.06,-0.36,-0.36,2.04,-0.19,1.79,-0.11,-0.48,0.37,-0.64,-0.08,0.86,0.59,-0.43,0.13,0.51,0.53,-0.49,-0.43,0.32,-0.12,0.46,1.07,-0.7,1.86,0.35,0.41,-0.63,-0.53,0.25,-0.38,-0.31,0.48,0.3,0.21,1.92,-0.15,-0.69,-0.47,-0.11,0.02,-0.47,-0.04,-0.07,-0.22,0.01,1.32,-0.44,1.13,0.05,1.55,-0.09,-0.33,-1.15,-1.02,0.48,-1.05,-0.42,0.3,0.17,-0.18,2.17,-0.08,-0.09,-0.07,-0.03,-0.27,1.65,0.53,-0.82,-0.29,1.08,1.15,-0.25,-0.18,-0.35,0.13,0.87,-0.2,0.23,-0.52,-0.4,0.1,-0.21,-0.29,0.08,0.61,-1.06,-0.48,-0.39,-0.23,-0.19,2.79,-0.42,-0.63,,,,,
1,-0.35,-0.34,-0.54,-0.43,-1.45,0.07,-0.17,-0.3,-0.55,-0.1,0.21,-0.44,1.41,0.04,-1.22,-0.35,0.21,-0.67,0.78,-0.51,-0.51,-0.21,0.6,-0.08,-0.38,-0.11,-0.17,-0.52,-0.29,-0.25,0.25,-0.01,1.64,-0.41,-0.18,-0.08,-0.56,-0.36,1.24,-0.43,0.4,-0.55,-0.5,0.31,-0.99,-0.14,0.11,1.84,-0.35,-0.27,-0.55,-0.02,-0.61,-0.08,-0.22,-0.32,-0.61,-0.31,-0.22,0.12,-0.73,0.05,-0.67,-0.8,-0.3,-0.54,-0.66,0.02,0.25,-0.39,0.47,-0.7,-0.53,-0.63,-0.48,0,-0.2,-0.46,0.05,-0.22,-0.29,0.13,0.13,0.04,-0.4,1.16,-0.1,-0.59,-0.9,-0.66,-0.4,-0.1,-0.41,-0.09,-2.04,-0.53,1.26,-0.54,-0.18,-0.3,-0.46,-0.33,0.61,-0.77,-0.57,-0.51,-0.26,0.39,-0.26,-0.2,-0.45,-0.35,-0.14,-0.6,-0.26,-0.22,-0.14,-0.06,-0.27,-0.03,0.35,0.55,-0.09,-0.57,-0.1,-0.5,-0.16,0.99,0.37,-0.68,,,,,
1,-0.12,1.72,1.49,2.31,-1.2,0.38,2.06,0.5,-0.55,-0.51,-0.41,-0.52,-0.56,-0.33,-0.94,-0.91,0.31,1.77,0.01,0.13,0.13,0.4,0.4,1.1,1.48,1.81,0.79,2.45,-0.14,0.25,0.29,0.77,-0.3,-0.22,-0.16,-0.09,-0.64,-0.4,1.6,0.38,0.69,-0.79,-0.18,0.25,-0.73,0.56,-0.71,-0.21,-0.85,-0.47,0.42,0.74,0.12,-0.53,0.19,-0.09,0.55,-0.5,-0.6,0.13,2,3.18,0.24,-0.92,0.4,1.17,-0.97,0.22,0.16,0.31,2.2,0.94,-0.86,0.66,0.85,-0.77,0.87,-0.1,-0.27,-0.16,-0.6,1.14,-0.15,0.14,-0.19,-0.6,-0.61,-0.36,-1.4,-1.48,0.8,-0.49,0.45,0.61,0.99,0.73,0.38,-0.41,-0.16,0.03,-0.05,0.25,2.13,1.02,-1.06,0.37,0.42,1.95,-0.08,-0.23,0.49,-0.05,0.31,-0.15,1.24,-0.82,-1.03,-0.52,-0.05,-0.13,-1.26,-0.8,-0.96,1.26,-0.27,-0.55,-0.28,0.92,-0.43,-0.09,,,,,
1,-0.67,0.17,-0.46,0.2,-1.21,0.71,-0.16,-0.47,-0.17,-0.44,0.42,-0.15,0.81,-0.22,-0.96,0.16,-0.1,-0.08,0.82,-0.16,-0.16,-0.66,0.73,-0.14,-0.39,-0.06,-0.66,0.5,-0.45,0.81,0.74,0.39,1.07,-0.39,-0.1,0.3,-0.36,0.19,0.87,-0.29,1.11,1.12,-0.48,0.37,-0.32,-0.17,0.13,1.32,-0.21,1.35,0.01,0.33,-0.16,-0.26,0.29,0.58,0.06,-0.3,-0.3,0.07,0.09,-0.07,-0.64,0.37,-0.11,-0.52,-0.22,-0.03,0.31,0.03,1.93,-0.35,-0.65,-0.62,-0.21,-0.15,-0.39,0.54,-0.27,-0.2,-0.05,1.19,-0.73,0.89,0.13,1.32,0.04,-0.16,-0.16,-1.02,1.24,-0.1,-0.29,-0.15,0.62,-0.18,0.78,-0.37,-0.08,0.18,0.3,-0.29,1.22,-0.11,-0.28,-0.38,1.32,1.45,-0.3,-0.21,-0.37,-0.26,-0.15,0.34,0.09,-0.66,-0.38,0.29,-0.31,-0.2,0.86,0.26,-0.83,-0.44,-0.43,0.3,-0.22,2.22,-0.74,-0.63,,,,,
1,-0.56,1.07,5.96,1.71,-0.79,-0.31,2.43,1.16,-1.14,-0.33,-1.21,-1.14,-0.04,-1.06,0.35,-0.63,7.32,0.99,-0.94,0.02,0.02,3.43,-1.23,0.45,1.87,1.52,0.03,1.02,0.38,-0.35,-0.02,2.24,0.3,-0.3,-0.12,-0.44,-1.24,-0.35,-0.74,2.34,-1.58,-0.32,-0.21,-0.82,-0.62,-0.05,-0.71,0.41,-0.69,5.62,0.57,0.04,-0.8,-0.56,-0.28,-0.87,0.04,-0.11,-0.83,-0.26,0.77,1.13,5,0.8,-0.12,1.63,1.14,0.89,-0.19,0.75,-0.78,-0.93,1.62,3.61,3.24,-0.34,-0.85,-1.14,0.71,-0.25,-1.4,0.11,1.26,0.94,-1,-1.27,-1.22,-0.25,-1.97,-0.62,1.03,-0.41,0.77,-0.3,1.24,0.12,0.17,0.83,0.58,-0.16,-0.15,0.22,-0.92,0.8,-1.49,2.2,-0.62,0.21,0.32,-0.19,0.6,0.02,-0.22,-0.96,0.14,0.39,0.95,-1.36,0.14,-0.26,-1.51,-0.45,-0.3,1.6,-0.55,-0.68,-0.27,0.16,-0.07,-0.47,,,,,
1,-0.17,-0.3,-0.58,0.67,0.19,1.53,-0.29,0.14,-0.74,-0.42,-1.52,-0.89,-1.21,1.05,-0.31,-0.53,-0.21,-0.58,-0.86,-0.59,-0.59,-0.79,-0.18,-0.81,-0.23,-0.32,-0.46,0.2,-0.4,-0.19,-0.32,-0.87,-1.13,-0.28,-0.03,-0.46,-0.5,-0.33,1.02,-1.03,-0.23,-1.15,-0.58,-0.75,-1.01,-0.52,-1.01,-1.1,-0.65,-0.82,0,-0.71,0.63,-0.6,-0.57,-0.48,-0.86,-1.93,-0.25,-0.33,0.46,3.98,-0.68,-0.86,-0.57,-0.53,-1.55,-0.47,0.38,-0.84,-0.42,0.07,-0.66,-0.62,-0.56,-0.57,-0.73,-0.44,-0.29,-0.31,-0.06,-0.67,0.58,-0.38,0,-0.25,-0.68,-0.68,0.08,-1.42,-0.79,-0.22,-0.83,-0.58,2.9,-1.01,-0.8,-0.51,-0.83,-0.17,0.11,-0.29,-0.9,-0.9,-1.06,-0.71,0.28,-0.2,-0.28,-0.25,-0.56,-0.1,-0.4,-0.43,-0.79,-1.22,-0.75,-1.01,-0.61,-0.25,-1.07,-0.75,-0.03,-0.62,0.2,-0.31,-0.28,-0.28,0.39,-0.81,,,,,
1,-0.72,-0.31,-0.65,-0.19,0.8,1.63,-0.09,-0.69,-0.6,1.73,-0.48,-0.26,-0.01,0.04,1.29,-0.11,0.37,0.47,0.55,-0.18,-0.18,-0.86,0.69,-0.78,-0.29,-0.64,1.95,-0.39,-0.29,-0.17,0.49,1.01,-0.55,-0.02,0.43,-0.41,0.04,-0.2,1.14,-0.62,1.56,-0.14,-0.63,-0.15,0.54,-0.47,-0.55,-0.46,0.37,-0.77,0.19,-0.44,0.98,-0.26,-0.44,0.22,-0.48,1.81,-0.39,1.06,1.47,0.59,-0.77,1.34,0.53,-0.63,2.16,-0.02,-0.3,-0.76,1.07,-0.18,0.91,-0.72,-0.55,1.13,-0.84,-0.13,-0.19,-0.14,0.31,0.23,-0.27,0.34,0.86,0.12,1.11,0.45,0.52,0.27,-0.55,0.44,-0.77,-0.3,3.08,-0.82,-0.43,-0.36,-0.2,-0.31,0.78,-0.26,-0.17,-0.05,-0.53,-0.5,0.83,-0.52,-0.28,-0.21,-0.55,1.75,0.54,-0.24,-0.57,1.12,0.52,0.84,-0.63,-0.37,-0.18,0.21,-0.46,-0.63,0.09,0.32,-0.29,0.04,0.59,-0.94,,,,,
1,-0.54,-0.82,0.08,-0.01,-0.76,2.48,0.15,0.58,-0.53,-0.45,-0.23,-0.49,-0.68,-0.64,-0.97,-0.24,0.28,-0.09,-1.13,0.27,0.27,0.41,-0.77,-0.12,-0.29,0.47,0.3,-0.23,0.4,1.83,1.91,-0.12,-0.06,-0.44,-0.28,0.1,-0.91,0.03,-0.77,0.7,-1.16,0.84,-0.09,-0.18,-1.06,-0.29,-0.84,0.01,-1.25,4.11,0.01,0.4,-0.75,-0.27,-0.21,-0.84,-0.68,-1.52,-0.65,-0.68,-1.15,2.75,-0.18,-0.43,1.73,-0.15,-0.42,-0.08,-0.89,-0.2,-0.45,0.37,0.57,1.54,0.45,-0.98,-0.52,-0.4,-0.11,-0.35,-0.95,-0.64,-0.07,2.05,-0.81,-1.24,-1.08,-0.64,-1.03,-1.02,0.23,-1.53,1.39,-0.45,-0.08,0.19,1.11,0.62,-0.56,1.06,-0.64,-0.27,-0.04,0.09,-0.6,0.19,-1.03,-0.59,-0.26,-0.24,-0.31,-0.88,-0.11,-0.73,0.58,-0.68,-1.14,-0.83,0.57,0.23,-1.18,-0.17,-0.7,0.06,-0.71,-0.28,-0.21,-0.03,-0.98,0.53,,,,,
1,-0.6,-0.71,-0.55,-1.2,1.12,3.96,-0.39,3.33,0.31,0.16,-0.39,0.47,-0.27,-0.22,-0.17,-0.77,1.22,-0.44,-0.98,0.85,0.85,0.69,0.24,0.08,-0.43,-0.07,0.51,0.38,1.86,4.53,3.44,-0.95,-0.35,0.8,-0.79,0.28,0.11,-0.03,-0.39,0.92,-0.89,1.67,0.29,-0.23,-1.04,0.02,0.32,-0.31,-0.03,-0.74,2.46,0.47,-1.33,0.01,-0.28,-0.31,-0.69,-0.38,-0.74,-1.12,-0.87,1.03,-0.15,-1.18,2.33,-0.23,-1.26,0.29,0.16,-0.18,-0.03,0.05,-0.84,0.16,-0.05,-0.86,0.65,1.03,-0.16,-0.39,-0.41,-0.57,2.97,0.45,-0.55,-0.7,-0.98,-0.59,-1.21,-0.16,0.15,-1.33,-0.16,2.5,0.05,0.2,1.04,0.07,-0.49,-0.22,0.6,-0.06,-0.16,-0.61,2.02,-0.39,-0.77,-0.09,-0.04,-0.22,-0.14,-0.12,0.69,0.44,2.62,-0.05,-0.36,0.86,0.26,0.14,-0.62,1.86,-0.83,-0.15,-0.42,-0.61,-0.08,0.32,-0.73,0.6,,,,,
